Data;Item;Link;Preço;Vendidos
27/09/2022;Brandnew jieshuo rx 6600m 8g 128bit gddr6 hashrate até 31mh, amd radeon rx6600m 8gb jogos ou mineração, placa gráfica do computador ;https://pt.aliexpress.com/item/1005004101641050.html?algo_pvid=be47743a-131a-45fd-9a52-100ca15bf2ba&algo_exp_id=be47743a-131a-45fd-9a52-100ca15bf2ba-0&pdp_ext_f=%7B%22sku_id%22%3A%2212000030151920766%22%7D&pdp_npi=2%40dis%21BRL%211177.8%211177.8%21%21%21%21%21%402101e9d316643078208767883e4770%2112000030151920766%21sea&curPageLogUid=UknKMNU1s5Zb;R$1.177,8;2475  vendido(s)
27/09/2022;Rx6600m placa gráfica 8gb gddr6 128bit pci-e 4.0 x8 3 dp hd placa de vídeo para amd radeon rx 6600m 8g 128 bit gaming rx 6600 rx6600 ;https://pt.aliexpress.com/item/1005004751898900.html?algo_pvid=be47743a-131a-45fd-9a52-100ca15bf2ba&algo_exp_id=be47743a-131a-45fd-9a52-100ca15bf2ba-1&pdp_ext_f=%7B%22sku_id%22%3A%2212000030340859536%22%7D&pdp_npi=2%40dis%21BRL%212682.67%211153.56%21%21%21%21%21%402101e9d316643078208767883e4770%2112000030340859536%21sea&curPageLogUid=psG1eEIhLJOF;R$1.153,56;33  vendido(s)
27/09/2022;Rx 6600m placa gráfica 8 gb 128bit gddr6 placa de vídeo do jogo para amd radeon rx6600m 8 gb pcie pci-e 4.0 3 * dp hd slot desktop do pc gpu ;https://pt.aliexpress.com/item/1005004732412410.html?algo_pvid=be47743a-131a-45fd-9a52-100ca15bf2ba&algo_exp_id=be47743a-131a-45fd-9a52-100ca15bf2ba-2&pdp_ext_f=%7B%22sku_id%22%3A%2212000030271013635%22%7D&pdp_npi=2%40dis%21BRL%212551.86%211199.37%21%21%21%21%21%402101e9d316643078208767883e4770%2112000030271013635%21sea&curPageLogUid=5j5dDAa2nFij;R$1.199,37;59  vendido(s)
27/09/2022;Nova onda rx 6600 8g gddr6 placa gráfica rx6600m 128bit hash 30 + mh amd radeon rx6600 gaming mineração computador placas de vídeo desktop ;https://pt.aliexpress.com/item/1005004763505462.html?algo_pvid=be47743a-131a-45fd-9a52-100ca15bf2ba&algo_exp_id=be47743a-131a-45fd-9a52-100ca15bf2ba-3&pdp_ext_f=%7B%22sku_id%22%3A%2212000030382143126%22%7D&pdp_npi=2%40dis%21BRL%211247.0%211247.0%21%21%21%21%21%402101e9d316643078208767883e4770%2112000030382143126%21sea&curPageLogUid=tPHJJsNelZx7;R$1.247;3  vendido(s)
27/09/2022;Jieshuo novo amd radeon rx 6600 8gb placa de vídeo gddr6 128bit rx 6600m desktop gaming placa gráfica suporte amd intel desktop cpu ;https://pt.aliexpress.com/item/1005003965036417.html?algo_pvid=be47743a-131a-45fd-9a52-100ca15bf2ba&aem_p4p_detail=20220927124341424293001392780007033571&algo_exp_id=be47743a-131a-45fd-9a52-100ca15bf2ba-4&pdp_ext_f=%7B%22sku_id%22%3A%2212000027592741259%22%7D&pdp_npi=2%40dis%21BRL%211177.8%211177.8%21%21%21%21%21%402101e9d316643078208767883e4770%2112000027592741259%21sea&curPageLogUid=uaUdzpf6lPHP&ad_pvid=20220927124341424293001392780007033571_1;R$1.177,8;494  vendido(s)
27/09/2022;Rx 6600m placa gráfica 8g 128bit gddr6 placa de vídeo do jogo para amd radeon rx6600m 8 gb pcie pci-e 4.0 3 * dp hd slot desktop do pc gpu ;https://pt.aliexpress.com/item/1005004763971796.html?algo_pvid=be47743a-131a-45fd-9a52-100ca15bf2ba&algo_exp_id=be47743a-131a-45fd-9a52-100ca15bf2ba-5&pdp_ext_f=%7B%22sku_id%22%3A%2212000030384140700%22%7D&pdp_npi=2%40dis%21BRL%211098.52%211098.52%21%21%2147.68%21%21%402101e9d316643078208767883e4770%2112000030384140700%21sea&curPageLogUid=qQ372hXrcoh9;R$1.098,52;5890  vendido(s)
27/09/2022;Radeon rx6600m rx6600 8gb placa gráfica gpu gddr6 128-bit 14 gbps 7nm placa de vídeo do computador suporte amd intel desktop cpu ;https://pt.aliexpress.com/item/1005004763242596.html?algo_pvid=be47743a-131a-45fd-9a52-100ca15bf2ba&algo_exp_id=be47743a-131a-45fd-9a52-100ca15bf2ba-6&pdp_ext_f=%7B%22sku_id%22%3A%2212000030381070599%22%7D&pdp_npi=2%40dis%21BRL%211336.35%211336.35%21%21%2147.68%21%21%402101e9d316643078208767883e4770%2112000030381070599%21sea&curPageLogUid=lJqpai6XDNxG;R$1.336,35;677  vendido(s)
27/09/2022;Sheli 51risc rx6600 8gb placa gráfica gpu gddr6 128-bit 14 gbps 7nm nova placa de vídeo suporte desktop cpu placa de vídeo ;https://pt.aliexpress.com/item/1005004291954195.html?algo_pvid=be47743a-131a-45fd-9a52-100ca15bf2ba&algo_exp_id=be47743a-131a-45fd-9a52-100ca15bf2ba-7&pdp_ext_f=%7B%22sku_id%22%3A%2212000028653295477%22%7D&pdp_npi=2%40dis%21BRL%211739.18%211217.44%21%21%21%21%21%402101e9d316643078208767883e4770%2112000028653295477%21sea&curPageLogUid=MvtXiKReWW8G;R$1.217,44;2  vendido(s)
27/09/2022;Nova marca jieshuo rx 6600m 8g 128bit gddr6 hashrate até 31mh, amd radeon rx 6600, jogos ou mineração, placa gráfica do computador ;https://pt.aliexpress.com/item/1005004160342022.html?algo_pvid=be47743a-131a-45fd-9a52-100ca15bf2ba&algo_exp_id=be47743a-131a-45fd-9a52-100ca15bf2ba-8&pdp_ext_f=%7B%22sku_id%22%3A%2212000028557974337%22%7D&pdp_npi=2%40dis%21BRL%211177.8%211177.8%21%21%21%21%21%402101e9d316643078208767883e4770%2112000028557974337%21sea&curPageLogUid=dZNw7WK0Fqdy;R$1.177,8;411  vendido(s)
27/09/2022;Soyo radeon rx6600m 8gb placa gráfica gpu gddr6 128-bit 14 gbps 7nm marca nova placa de vídeo do computador suporte amd intel desktop cpu ;https://pt.aliexpress.com/item/1005004766977122.html?algo_pvid=be47743a-131a-45fd-9a52-100ca15bf2ba&aem_p4p_detail=20220927124341424293001392780007033571&algo_exp_id=be47743a-131a-45fd-9a52-100ca15bf2ba-9&pdp_ext_f=%7B%22sku_id%22%3A%2212000030397704587%22%7D&pdp_npi=2%40dis%21BRL%211609.74%211126.84%21%21%21%21%21%402101e9d316643078208767883e4770%2112000030397704587%21sea&curPageLogUid=eVAOPOC6omMA&ad_pvid=20220927124341424293001392780007033571_3;R$1.126,84;25  vendido(s)
27/09/2022;Mllse novo amd radeon rx 6600m 8gb placa de vídeo gpu gddr6 128bit 7nm rx6600 placa gráfica suporte amd intel desktop cpu placa-mãe ;https://pt.aliexpress.com/item/1005004341188536.html?algo_pvid=be47743a-131a-45fd-9a52-100ca15bf2ba&algo_exp_id=be47743a-131a-45fd-9a52-100ca15bf2ba-10&pdp_ext_f=%7B%22sku_id%22%3A%2212000029933962498%22%7D&pdp_npi=2%40dis%21BRL%211741.5%211131.99%21%21%21%21%21%402101e9d316643078208767883e4770%2112000029933962498%21sea&curPageLogUid=H5XjzMYmrgjm;R$1.131,99;355  vendido(s)
27/09/2022;Mllse novo amd radeon rx 6600m 8gb placa de vídeo gpu gddr6 128bit 7nm rx6600 placa gráfica suporte amd intel desktop cpu placa-mãe ;https://pt.aliexpress.com/item/1005004724144142.html?algo_pvid=be47743a-131a-45fd-9a52-100ca15bf2ba&algo_exp_id=be47743a-131a-45fd-9a52-100ca15bf2ba-11&pdp_ext_f=%7B%22sku_id%22%3A%2212000030237612629%22%7D&pdp_npi=2%40dis%21BRL%211777.06%211137.31%21%21%21%21%21%402101e9d316643078208767883e4770%2112000030237612629%21sea&curPageLogUid=9JYsAUF0z5sb;R$1.137,31;6  vendido(s)
27/09/2022;Yeston placa gráfica RX6600-8G d6 gaea gaming placa gráfica 8g/128bit/gddr6 memória 2 ventiladores de refrigeração metal backplate 3 * dp + saída hd ;https://pt.aliexpress.com/item/1005004725224228.html?algo_pvid=be47743a-131a-45fd-9a52-100ca15bf2ba&algo_exp_id=be47743a-131a-45fd-9a52-100ca15bf2ba-12&pdp_ext_f=%7B%22sku_id%22%3A%2212000030240643356%22%7D&pdp_npi=2%40dis%21BRL%212562.9%211870.95%21%21%21%21%21%402101e9d316643078208767883e4770%2112000030240643356%21sea&curPageLogUid=xaUnNGj14Ro5;R$1.870,95;9  vendido(s)
27/09/2022;Rx6600 8g placa de placa gráfica do jogo placa placa de vídeo gpu nvidia geforce computador não gtx1660super 1650 1050ti 1060 ;https://pt.aliexpress.com/item/1005004747735254.html?algo_pvid=be47743a-131a-45fd-9a52-100ca15bf2ba&algo_exp_id=be47743a-131a-45fd-9a52-100ca15bf2ba-13&pdp_ext_f=%7B%22sku_id%22%3A%2212000030326847481%22%7D&pdp_npi=2%40dis%21BRL%211263.85%211263.85%21%21%21%21%21%402101e9d316643078208767883e4770%2112000030326847481%21sea&curPageLogUid=pPuTlj77HFUI;R$1.263,85;22  vendido(s)
27/09/2022;SOYO Radeon RX6600M RX6600 8GB Placa Gráfica GDDR6 128-Bit 14 Gbps 7NM Novo Computador Placa de Vídeo Suporte AMD Intel Desktop CPU ;https://pt.aliexpress.com/item/1005004740327670.html?algo_pvid=be47743a-131a-45fd-9a52-100ca15bf2ba&aem_p4p_detail=20220927124341424293001392780007033571&algo_exp_id=be47743a-131a-45fd-9a52-100ca15bf2ba-14&pdp_ext_f=%7B%22sku_id%22%3A%2212000030302293825%22%7D&pdp_npi=2%40dis%21BRL%211816.98%211271.91%21%21%21%21%21%402101e9d316643078208767883e4770%2112000030302293825%21sea&curPageLogUid=x4UDIYoTtY0D&ad_pvid=20220927124341424293001392780007033571_4;R$1.271,91;24  vendido(s)
27/09/2022;YESTON RX 6600 6500 XT Placa Gráfica GDDR6 GT1060 1050Ti RTX 2060 Super Gaming Desktop GPU Acessórios da placa de vídeo com ventilador de refrigeração ;https://pt.aliexpress.com/item/1005004662941101.html?algo_pvid=be47743a-131a-45fd-9a52-100ca15bf2ba&algo_exp_id=be47743a-131a-45fd-9a52-100ca15bf2ba-15&pdp_ext_f=%7B%22sku_id%22%3A%2212000030023516294%22%7D&pdp_npi=2%40dis%21BRL%212946.65%211532.27%21%21%21%21%21%402101e9d316643078208767883e4770%2112000030023516294%21sea&curPageLogUid=R81KFdpZZ7u3;R$1.532,27;136  vendido(s)
27/09/2022;Novo barato bom gpu desktop placa gráfica 16g rx6600xt 6700xt 6800xt ;https://pt.aliexpress.com/item/1005004654063948.html?algo_pvid=be47743a-131a-45fd-9a52-100ca15bf2ba&algo_exp_id=be47743a-131a-45fd-9a52-100ca15bf2ba-16&pdp_ext_f=%7B%22sku_id%22%3A%2212000029993060766%22%7D&pdp_npi=2%40dis%21BRL%214396.7%214396.7%21%21%21%21%21%402101e9d316643078208767883e4770%2112000029993060766%21sea&curPageLogUid=NUYQfFclop8g;R$4.396,7;2  vendido(s)
27/09/2022;Yeston 2 ventiladores de refrigeração placa gráfica placa de metal Rx6600-8g d6 gaea placa gráfica pci-express 4.0 x8 placas de vídeo de jogos ;https://pt.aliexpress.com/item/1005004634589343.html?algo_pvid=be47743a-131a-45fd-9a52-100ca15bf2ba&algo_exp_id=be47743a-131a-45fd-9a52-100ca15bf2ba-17&pdp_ext_f=%7B%22sku_id%22%3A%2212000029915879545%22%7D&pdp_npi=2%40dis%21BRL%213355.31%211979.61%21%21%21%21%21%402101e9d316643078208767883e4770%2112000029915879545%21sea&curPageLogUid=LxVVD0DNy39X;R$1.979,61;231  vendido(s)
27/09/2022;Novo gigabyte radeon rx 6600 xt gaming oc 8g 16000 mhz rx6600 xt gddr6 128-bit 7nm 6600xt ;https://pt.aliexpress.com/item/1005004068092433.html?algo_pvid=be47743a-131a-45fd-9a52-100ca15bf2ba&algo_exp_id=be47743a-131a-45fd-9a52-100ca15bf2ba-18&pdp_ext_f=%7B%22sku_id%22%3A%2212000027932569508%22%7D&pdp_npi=2%40dis%21BRL%214260.8%213195.58%21%21%21%21%21%402101e9d316643078208767883e4770%2112000027932569508%21sea&curPageLogUid=1KG63Qw3a9aR;R$3.195,58;1  vendido(s)
27/09/2022;SOYO Radeon RX6600M RX6600 RX6600XT 8GB Placa Gráfica GDDR6 128Bit 14 Gbps 7NM Computador Placa de Vídeo Suporte AMD Intel Desktop CPU ;https://pt.aliexpress.com/item/1005004741455950.html?algo_pvid=be47743a-131a-45fd-9a52-100ca15bf2ba&aem_p4p_detail=20220927124341424293001392780007033571&algo_exp_id=be47743a-131a-45fd-9a52-100ca15bf2ba-19&pdp_ext_f=%7B%22sku_id%22%3A%2212000030315320134%22%7D&pdp_npi=2%40dis%21BRL%211816.98%211271.91%21%21%21%21%21%402101e9d316643078208767883e4770%2112000030315320134%21sea&curPageLogUid=QGJ1GpoDRAHu&ad_pvid=20220927124341424293001392780007033571_5;R$1.271,91;261  vendido(s)
27/09/2022;Yeston RX6650XT-8G d6 pa placa gráfica do jogo com 8g/128bit/memória gddr6 3 grandes fãs do tamanho que respiram a luz traseira do metal ;https://pt.aliexpress.com/item/1005004586129911.html?algo_pvid=be47743a-131a-45fd-9a52-100ca15bf2ba&algo_exp_id=be47743a-131a-45fd-9a52-100ca15bf2ba-20&pdp_ext_f=%7B%22sku_id%22%3A%2212000029859154856%22%7D&pdp_npi=2%40dis%21BRL%214414.15%213266.47%21%21%21%21%21%402101e9d316643078208767883e4770%2112000029859154856%21sea&curPageLogUid=Gved28cGMqCI;R$3.266,47;1  vendido(s)
27/09/2022;Yeston placa gráfica Rx6600-8G gddr6 gaea pci-express 4.0 x8 placas de vídeo de jogos 2 ventiladores de refrigeração placa de metal placa de vídeo ;https://pt.aliexpress.com/item/1005004635443480.html?algo_pvid=be47743a-131a-45fd-9a52-100ca15bf2ba&algo_exp_id=be47743a-131a-45fd-9a52-100ca15bf2ba-21&pdp_ext_f=%7B%22sku_id%22%3A%2212000029919286376%22%7D&pdp_npi=2%40dis%21BRL%213064.6%211992.01%21%21%21%21%21%402101e9d316643078208767883e4770%2112000029919286376%21sea&curPageLogUid=DjADAV3GRrmR;R$1.992,01;1  vendido(s)
27/09/2022;Novo asus dupla rx6600 8g amd radeon rx 6600 8gb gddr6 128-bit 14 gbps 7nm suporte amd intel desktop cpu placa-mãe ;https://pt.aliexpress.com/item/1005004281760716.html?algo_pvid=be47743a-131a-45fd-9a52-100ca15bf2ba&algo_exp_id=be47743a-131a-45fd-9a52-100ca15bf2ba-22&pdp_ext_f=%7B%22sku_id%22%3A%2212000029916347022%22%7D&pdp_npi=2%40dis%21BRL%213528.47%212505.2%21%21%21%21%21%402101e9d316643078208767883e4770%2112000029916347022%21sea&curPageLogUid=Q3EoSI56ukh9;R$2.505,2;675  vendido(s)
27/09/2022;Vastarmor radeon rx 6600 starrysky novo 8g gddr6 amd 128-bit 7nm gpu suporte amd intel placa-mãe de mesa ;https://pt.aliexpress.com/item/1005004300133160.html?algo_pvid=be47743a-131a-45fd-9a52-100ca15bf2ba&algo_exp_id=be47743a-131a-45fd-9a52-100ca15bf2ba-23&pdp_ext_f=%7B%22sku_id%22%3A%2212000030250275442%22%7D&pdp_npi=2%40dis%21BRL%213289.57%212302.71%21%21%21%21%21%402101e9d316643078208767883e4770%2112000030250275442%21sea&curPageLogUid=ZUFiIyr6AtER;R$2.302,71;1  vendido(s)
27/09/2022;Sheli 51risc rx5500xt 8g d6 placa gráfica do jogo com 8g/128bit/gddr6 memória 16ghz freqüência de memória directx12 3d característica ;https://pt.aliexpress.com/item/1005004291811596.html?algo_pvid=be47743a-131a-45fd-9a52-100ca15bf2ba&aem_p4p_detail=20220927124341424293001392780007033571&algo_exp_id=be47743a-131a-45fd-9a52-100ca15bf2ba-24&pdp_ext_f=%7B%22sku_id%22%3A%2212000028652285825%22%7D&pdp_npi=2%40dis%21BRL%211148.02%21803.62%21%21%21%21%21%402101e9d316643078208767883e4770%2112000028652285825%21sea&curPageLogUid=jEMGr5OpSabR&ad_pvid=20220927124341424293001392780007033571_7;R$803,62;2  vendido(s)
27/09/2022;Yeston placa de vídeo 8g 128bit gddr6 memória Rx6600-8g d6 gaea placa gráfica metal placa de fundo pci-express 4.0 x8 placas de vídeo de jogos ;https://pt.aliexpress.com/item/1005004639622256.html?algo_pvid=be47743a-131a-45fd-9a52-100ca15bf2ba&algo_exp_id=be47743a-131a-45fd-9a52-100ca15bf2ba-25&pdp_ext_f=%7B%22sku_id%22%3A%2212000029935825777%22%7D&pdp_npi=2%40dis%21BRL%214093.25%212046.6%21%21%21%21%21%402101e9d316643078208767883e4770%2112000029935825777%21sea&curPageLogUid=piwhW36l7UXZ;R$2.046,6;17  vendido(s)
27/09/2022;2 Pçs/set T129215SH T129215BU GPU Cooler Para PowerColor RX6700XT 12GB RX5700 8G R9 380X Kuroutoshikou RD-RX6600 Placas Gráficas ;https://pt.aliexpress.com/item/1005004433336034.html?algo_pvid=be47743a-131a-45fd-9a52-100ca15bf2ba&algo_exp_id=be47743a-131a-45fd-9a52-100ca15bf2ba-26&pdp_ext_f=%7B%22sku_id%22%3A%2212000029693459445%22%7D&pdp_npi=2%40dis%21BRL%2179.28%2153.91%21%21%2117.78%21%21%402101e9d316643078208767883e4770%2112000029693459445%21sea&curPageLogUid=XZIrPmxDKYJ5;R$53,91;1  vendido(s)
27/09/2022;Novo asus duplo rx6600 8g amd radeon rx 6600 8gb gddr6 128-bit 14 gbps 7nm ;https://pt.aliexpress.com/item/1005004741289182.html?algo_pvid=be47743a-131a-45fd-9a52-100ca15bf2ba&algo_exp_id=be47743a-131a-45fd-9a52-100ca15bf2ba-27&pdp_ext_f=%7B%22sku_id%22%3A%2212000030304847369%22%7D&pdp_npi=2%40dis%21BRL%212485.84%212485.84%21%21%21119.2%21%21%402101e9d316643078208767883e4770%2112000030304847369%21sea&curPageLogUid=OPXroiQrtbbR;R$2.485,84;29  vendido(s)
27/09/2022;Msi radeon rx 6600 mech 2x 8g novo gddr6 128-bit 7nm rx6600 placas de vídeo gpu placa gráfica desktop cpu placa ;https://pt.aliexpress.com/item/1005003728758077.html?algo_pvid=be47743a-131a-45fd-9a52-100ca15bf2ba&algo_exp_id=be47743a-131a-45fd-9a52-100ca15bf2ba-28&pdp_ext_f=%7B%22sku_id%22%3A%2212000026956605233%22%7D&pdp_npi=2%40dis%21BRL%213644.1%212550.84%21%21%21%21%21%402101e9d316643078208767883e4770%2112000026956605233%21sea&curPageLogUid=bVRA3ASyNYL1;R$2.550,84;1  vendido(s)
27/09/2022;Soyo original radeon rx6600 8gb gpu gddr6 128bit 14 gbps 7nm novo computador placa de vídeo suporte amd intel desktop cpu ;https://pt.aliexpress.com/item/1005004740794647.html?algo_pvid=be47743a-131a-45fd-9a52-100ca15bf2ba&aem_p4p_detail=20220927124341424293001392780007033571&algo_exp_id=be47743a-131a-45fd-9a52-100ca15bf2ba-29&pdp_ext_f=%7B%22sku_id%22%3A%2212000030303283731%22%7D&pdp_npi=2%40dis%21BRL%211858.32%211300.85%21%21%21%21%21%402101e9d316643078208767883e4770%2112000030303283731%21sea&curPageLogUid=VmUVsXb7AqoD&ad_pvid=20220927124341424293001392780007033571_8;R$1.300,85;148  vendido(s)
27/09/2022;Gigabyte amd radeon rx 6600 eagle 8g novo gddr6 rx6600 8gb 128-bit 7nm suporte amd intel desktop cpu placa-mãe ;https://pt.aliexpress.com/item/1005003616390117.html?algo_pvid=be47743a-131a-45fd-9a52-100ca15bf2ba&algo_exp_id=be47743a-131a-45fd-9a52-100ca15bf2ba-30&pdp_ext_f=%7B%22sku_id%22%3A%2212000026510735090%22%7D&pdp_npi=2%40dis%21BRL%213644.1%212441.56%21%21%21%21%21%402101e9d316643078208767883e4770%2112000026510735090%21sea&curPageLogUid=nadeM06g2GtR;R$2.441,56;18  vendido(s)
27/09/2022;RX6600 placas de Jogo Placa Gráfica nvidia geforce gpu pc COMPUTADOR placa de Vídeo placa de cartão Não 8 gtx1070ti 650 960 750 740 710g ;https://pt.aliexpress.com/item/1005004439767150.html?algo_pvid=be47743a-131a-45fd-9a52-100ca15bf2ba&algo_exp_id=be47743a-131a-45fd-9a52-100ca15bf2ba-31&pdp_ext_f=%7B%22sku_id%22%3A%2212000029200236175%22%7D&pdp_npi=2%40dis%21BRL%211933.22%211933.22%21%21%21%21%21%402101e9d316643078208767883e4770%2112000029200236175%21sea&curPageLogUid=741RLNlOS8B4;R$1.933,22;1  vendido(s)
27/09/2022;Yeston radeon rx 6600 placa gráfica gddr6 8g 128bit colaboração de jogos gpu RX6600-8GD6 gb desktop amd gaming placa de vídeo ;https://pt.aliexpress.com/item/1005004707813320.html?algo_pvid=be47743a-131a-45fd-9a52-100ca15bf2ba&algo_exp_id=be47743a-131a-45fd-9a52-100ca15bf2ba-32&pdp_ext_f=%7B%22sku_id%22%3A%2212000030178635629%22%7D&pdp_npi=2%40dis%21BRL%212710.36%212032.78%21%21%21%21%21%402101e9d316643078208767883e4770%2112000030178635629%21sea&curPageLogUid=m3RpYktWU5GG;R$2.032,78;21  vendido(s)
27/09/2022;Yeston radeon rx6600 8g placa gráfica de jogos 128bit gddr6 memória 2 fãs placa traseira de metal 3 * dp + hd portas de saída placas de vídeo amd gpu ;https://pt.aliexpress.com/item/1005004632332198.html?algo_pvid=be47743a-131a-45fd-9a52-100ca15bf2ba&algo_exp_id=be47743a-131a-45fd-9a52-100ca15bf2ba-33&pdp_ext_f=%7B%22sku_id%22%3A%2212000029909008036%22%7D&pdp_npi=2%40dis%21BRL%214597.33%212022.81%21%21%21%21%21%402101e9d316643078208767883e4770%2112000029909008036%21sea&curPageLogUid=fP2RPKT7tWLi;R$2.022,81;2  vendido(s)
27/09/2022;Sheli 51risc rx6600xt 8g d6 placa gráfica do jogo com 8g/128bit/gddr6 memória 16ghz freqüência de memória directx12 3d característica ;https://pt.aliexpress.com/item/1005004292102967.html?algo_pvid=be47743a-131a-45fd-9a52-100ca15bf2ba&aem_p4p_detail=20220927124341424293001392780007033571&algo_exp_id=be47743a-131a-45fd-9a52-100ca15bf2ba-34&pdp_ext_f=%7B%22sku_id%22%3A%2212000028654172810%22%7D&pdp_npi=2%40dis%21BRL%212981.08%211907.87%21%21%21%21%21%402101e9d316643078208767883e4770%2112000028654172810%21sea&curPageLogUid=NboaTs26AUxx&ad_pvid=20220927124341424293001392780007033571_9;R$1.907,87;8  vendido(s)
27/09/2022;Yeston radeon rx 6600 placa gráfica gddr6 8g 128bit colaboração de jogos gpu RX6600-8GD6 gb desktop amd gaming placa de vídeo ;https://pt.aliexpress.com/item/1005004717840710.html?algo_pvid=be47743a-131a-45fd-9a52-100ca15bf2ba&algo_exp_id=be47743a-131a-45fd-9a52-100ca15bf2ba-35&pdp_ext_f=%7B%22sku_id%22%3A%2212000030217982719%22%7D&pdp_npi=2%40dis%21BRL%212735.21%211914.66%21%21%21%21%21%402101e9d316643078208767883e4770%2112000030217982719%21sea&curPageLogUid=Pwp9yUYxrN55;R$1.914,66;318  vendido(s)
27/09/2022;Yeston RX6600-8G d6 gaea gaming placa gráfica 8g/128bit/gddr6 memória 2 ventiladores de refrigeração metal backplate 3 * dp + portas de saída hd ;https://pt.aliexpress.com/item/1005004574797012.html?algo_pvid=be47743a-131a-45fd-9a52-100ca15bf2ba&algo_exp_id=be47743a-131a-45fd-9a52-100ca15bf2ba-36&pdp_ext_f=%7B%22sku_id%22%3A%2212000029681105019%22%7D&pdp_npi=2%40dis%21BRL%213819.53%212100.73%21%21%2135.96%21%21%402101e9d316643078208767883e4770%2112000029681105019%21sea&curPageLogUid=XyICGreNdURJ;R$2.100,73;3  vendido(s)
27/09/2022;Atacado gpus A-M-D s-apphire rx6600 8g ddr6 gpu cartões rx6500xt 6600xt 6700xt 6800xt 6900xt placa gráfica ;https://pt.aliexpress.com/item/1005004543551407.html?algo_pvid=be47743a-131a-45fd-9a52-100ca15bf2ba&algo_exp_id=be47743a-131a-45fd-9a52-100ca15bf2ba-37&pdp_ext_f=%7B%22sku_id%22%3A%2212000029547545364%22%7D&pdp_npi=2%40dis%21BRL%214405.31%214405.31%21%21%21%21%21%402101e9d316643078208767883e4770%2112000029547545364%21sea&curPageLogUid=oHP4PoJnRjqY;R$4.405,31;8  vendido(s)
27/09/2022;Gddr6 asus dupla rx6600xt rx6600 gráficos gddr6 rx 6600 xt placa de vídeo gddr6 cartão 16000mhz 14000mhz radeon cartão duplo fãs 8pin Placa de vídeo Asus Radeon RX 6600 XT para jogos de preço super baixo ;https://pt.aliexpress.com/item/1005003639372858.html?algo_pvid=be47743a-131a-45fd-9a52-100ca15bf2ba&algo_exp_id=be47743a-131a-45fd-9a52-100ca15bf2ba-38&pdp_ext_f=%7B%22sku_id%22%3A%2212000028737075292%22%7D&pdp_npi=2%40dis%21BRL%216669.75%213334.87%21%21%21%21%21%402101e9d316643078208767883e4770%2112000028737075292%21sea&curPageLogUid=ZDke7Lj9p49c;R$3.334,87;0 vendidos
27/09/2022;Yeston radeon rx6600 8g d6 gaea gaming placa gráfica 8g/128bit/gddr6 memória 2 ventiladores de refrigeração metal backplate 3 * dp + hd portas de saída ;https://pt.aliexpress.com/item/1005004662074391.html?algo_pvid=be47743a-131a-45fd-9a52-100ca15bf2ba&aem_p4p_detail=20220927124341424293001392780007033571&algo_exp_id=be47743a-131a-45fd-9a52-100ca15bf2ba-39&pdp_ext_f=%7B%22sku_id%22%3A%2212000030020032780%22%7D&pdp_npi=2%40dis%21BRL%212968.68%211959.34%21%21%21%21%21%402101e9d316643078208767883e4770%2112000030020032780%21sea&curPageLogUid=KJ80R2zXqdTI&ad_pvid=20220927124341424293001392780007033571_10;R$1.959,34;0 vendidos
27/09/2022;Rx6600 8g dupla gddr6 placas gráficas de jogos amd radeon rx 6600 128-bit pcie 4.0 gpu placa de vídeo para asus ;https://pt.aliexpress.com/item/1005004551174966.html?algo_pvid=be47743a-131a-45fd-9a52-100ca15bf2ba&algo_exp_id=be47743a-131a-45fd-9a52-100ca15bf2ba-40&pdp_ext_f=%7B%22sku_id%22%3A%2212000029579128361%22%7D&pdp_npi=2%40dis%21BRL%213531.76%213531.76%21%21%21%21%21%402101e9d316643078208767883e4770%2112000029579128361%21sea&curPageLogUid=HhaigpYWQwDX;R$3.531,76;0 vendidos
27/09/2022;Nova marca xfx rx6600 8g gddr6 2491mhz placa gráfica 8gb ddr6 ti com alta qualidade ;https://pt.aliexpress.com/item/1005004653596467.html?algo_pvid=be47743a-131a-45fd-9a52-100ca15bf2ba&algo_exp_id=be47743a-131a-45fd-9a52-100ca15bf2ba-41&pdp_ext_f=%7B%22sku_id%22%3A%2212000029991236668%22%7D&pdp_npi=2%40dis%21BRL%217492.95%216369.01%21%21%21%21%21%402101e9d316643078208767883e4770%2112000029991236668%21sea&curPageLogUid=0zuwRVWYNG76;R$6.369,01;0 vendidos
27/09/2022;Novo xfx radeon rx 6600 xt 6600xt 8gb placas de vídeo gpu amd rx6600 rx6600xt gddr6 128bit placa gráfica computador jogo desktop pc vga ;https://pt.aliexpress.com/item/1005004359626752.html?algo_pvid=be47743a-131a-45fd-9a52-100ca15bf2ba&algo_exp_id=be47743a-131a-45fd-9a52-100ca15bf2ba-42&pdp_ext_f=%7B%22sku_id%22%3A%2212000028897643060%22%7D&pdp_npi=2%40dis%21BRL%213553.78%212914.09%21%21%21%21%21%402101e9d316643078208767883e4770%2112000028897643060%21sea&curPageLogUid=q14j3MrCIGA2;R$2.914,09;0 vendidos
27/09/2022;Safira rx6600xt 8gb nitro + placa de vídeo gpu amd radeon rx6600 rx6600xt placas gráficas desktop computador jogo ;https://pt.aliexpress.com/item/1005004565689263.html?algo_pvid=be47743a-131a-45fd-9a52-100ca15bf2ba&algo_exp_id=be47743a-131a-45fd-9a52-100ca15bf2ba-43&pdp_ext_f=%7B%22sku_id%22%3A%2212000029643904413%22%7D&pdp_npi=2%40dis%21BRL%212434.88%212313.13%21%21%2147.68%21%21%402101e9d316643078208767883e4770%2112000029643904413%21sea&curPageLogUid=LsAv4LXLewrL;R$2.313,13;0 vendidos
27/09/2022;1 peça 95mm cf1015h12d safira rx580 rx480 rx570 vga gráficos ventilador para nitro rx 570/580/480 placa de vídeo refrigeração ;https://pt.aliexpress.com/item/32880065931.html?algo_pvid=be47743a-131a-45fd-9a52-100ca15bf2ba&aem_p4p_detail=20220927124341424293001392780007033571&algo_exp_id=be47743a-131a-45fd-9a52-100ca15bf2ba-44&pdp_ext_f=%7B%22sku_id%22%3A%2212000029054999748%22%7D&pdp_npi=2%40dis%21BRL%2151.53%2132.96%21%21%2115.97%21%21%402101e9d316643078208767883e4770%2112000029054999748%21sea&curPageLogUid=yKirNCYpvH9f&ad_pvid=20220927124341424293001392780007033571_11;R$32,96;0 vendidos
27/09/2022;Msi gddr6 8gb placa de vídeo radeon rx 6600 mech 2x 8g placa gráfica pci express 4.0 desktop cpu rx6600 128bit 8pin 14 gbps 8gb novo ;https://pt.aliexpress.com/item/1005004523895256.html?algo_pvid=be47743a-131a-45fd-9a52-100ca15bf2ba&algo_exp_id=be47743a-131a-45fd-9a52-100ca15bf2ba-45&pdp_ext_f=%7B%22sku_id%22%3A%2212000029469290936%22%7D&pdp_npi=2%40dis%21BRL%213697.61%212588.33%21%21%21%21%21%402101e9d316643078208767883e4770%2112000029469290936%21sea&curPageLogUid=LOTxnFB6RKhK;R$2.588,33;0 vendidos
27/09/2022;Yeston rx 6600 xt 8gb 128bit gddr6 7nm gaming desktop computador de vídeo computador computador mineração placa gráfica 8pin 2589mhz suporte hdmi + dp * 3 ;https://pt.aliexpress.com/item/1005003664005152.html?algo_pvid=be47743a-131a-45fd-9a52-100ca15bf2ba&algo_exp_id=be47743a-131a-45fd-9a52-100ca15bf2ba-46&pdp_ext_f=%7B%22sku_id%22%3A%2212000026705199935%22%7D&pdp_npi=2%40dis%21BRL%216383.34%213510.81%21%21%21%21%21%402101e9d316643078208767883e4770%2112000026705199935%21sea&curPageLogUid=HoeebmLXAVjk;R$3.510,81;0 vendidos
27/09/2022;Safira rx 6600 xt nitro 6600xt nitro + 8gb placas de vídeo amd gpu radeon rx6600xt rx6600 xt placa gráfica desktop computador jogo ;https://pt.aliexpress.com/item/1005004453100309.html?algo_pvid=be47743a-131a-45fd-9a52-100ca15bf2ba&algo_exp_id=be47743a-131a-45fd-9a52-100ca15bf2ba-47&pdp_ext_f=%7B%22sku_id%22%3A%2212000029227620731%22%7D&pdp_npi=2%40dis%21BRL%212670.15%212189.52%21%21%21%21%21%402101e9d316643078208767883e4770%2112000029227620731%21sea&curPageLogUid=bQqefCKYaHxC;R$2.189,52;0 vendidos
27/09/2022;Novo yeston rx6600xt 8gb/rx6800 16gb d6 pa placa gráfica de jogos 16gbps gddr6 128bit 7nm pci-express 4.0x8 computador pc vídeo carro ;https://pt.aliexpress.com/item/1005003937850795.html?algo_pvid=be47743a-131a-45fd-9a52-100ca15bf2ba&algo_exp_id=be47743a-131a-45fd-9a52-100ca15bf2ba-48&pdp_ext_f=%7B%22sku_id%22%3A%2212000027513012472%22%7D&pdp_npi=2%40dis%21BRL%217937.64%214365.67%21%21%21%21%21%402101e9d316643078208767883e4770%2112000027513012472%21sea&curPageLogUid=cfd3Fn5NStr6;R$4.365,67;0 vendidos
27/09/2022;1 conjunto GV-RX570/580 jogos GV-RX470WF2/rx480wf2 t129215su pld09210s12hh 87mm (90mm) gigabyte cartões ventilador de refrigeração como substituição ;https://pt.aliexpress.com/item/32848752070.html?algo_pvid=be47743a-131a-45fd-9a52-100ca15bf2ba&aem_p4p_detail=20220927124341424293001392780007033571&algo_exp_id=be47743a-131a-45fd-9a52-100ca15bf2ba-49&pdp_ext_f=%7B%22sku_id%22%3A%2212000029981462073%22%7D&pdp_npi=2%40dis%21BRL%21100.79%2154.42%21%21%2117.78%21%21%402101e9d316643078208767883e4770%2112000029981462073%21sea&curPageLogUid=1qDYX3Yry4Uf&ad_pvid=20220927124341424293001392780007033571_12;R$54,42;0 vendidos
27/09/2022;Safira rx 6600 6600 xt 8gb placa gráfica 6500 xt 4gb gpu placas de vídeo pc radeon rx6500 jogos de computador gddr6 rx6600 xt amd hdmi ;https://pt.aliexpress.com/item/1005004439371045.html?algo_pvid=be47743a-131a-45fd-9a52-100ca15bf2ba&algo_exp_id=be47743a-131a-45fd-9a52-100ca15bf2ba-50&pdp_ext_f=%7B%22sku_id%22%3A%2212000029184730572%22%7D&pdp_npi=2%40dis%21BRL%213236.74%212654.13%21%21%21%21%21%402101e9d316643078208767883e4770%2112000029184730572%21sea&curPageLogUid=JGRHOyV2GMx7;R$2.654,13;0 vendidos
27/09/2022;Asus gddr6 cartão duplo rx6600 8g placa gráfica 14000mhz rx6600 8g placa de vídeo gddr6 8pin desktop gpu 128bit pci express 4.0 novo ;https://pt.aliexpress.com/item/1005004392060480.html?algo_pvid=be47743a-131a-45fd-9a52-100ca15bf2ba&algo_exp_id=be47743a-131a-45fd-9a52-100ca15bf2ba-51&pdp_ext_f=%7B%22sku_id%22%3A%2212000029017918469%22%7D&pdp_npi=2%40dis%21BRL%215237.81%212618.91%21%21%21%21%21%402101e9d316643078208767883e4770%2112000029017918469%21sea&curPageLogUid=1zCNnxS7jUf2;R$2.618,91;0 vendidos
27/09/2022;Nova safira rx 6600 xt 6600xt 8gb nitro + placa de vídeo gpu amd radeon rx6600xt rx6600 placas gráficas desktop computador mineração ;https://pt.aliexpress.com/item/1005004352580624.html?algo_pvid=be47743a-131a-45fd-9a52-100ca15bf2ba&algo_exp_id=be47743a-131a-45fd-9a52-100ca15bf2ba-52&pdp_ext_f=%7B%22sku_id%22%3A%2212000028866645068%22%7D&pdp_npi=2%40dis%21BRL%213236.74%212654.13%21%21%21%21%21%402101e9d316643078208767883e4770%2112000028866645068%21sea&curPageLogUid=F2y1jkuJz9RA;R$2.654,13;0 vendidos
27/09/2022;Asrock radeon rx 6600 challenger d 8gb gráfico radeon rx 6600xt placa de vídeo rx6600 gddr6 8gb 14000mhz rx6600 placa gráfica Novos produtos da série AMD RX 6000 estão chegando a preços ultrabaixos RX 6600 XT placa grá ;https://pt.aliexpress.com/item/1005003638803042.html?algo_pvid=be47743a-131a-45fd-9a52-100ca15bf2ba&algo_exp_id=be47743a-131a-45fd-9a52-100ca15bf2ba-53&pdp_ext_f=%7B%22sku_id%22%3A%2212000028847580129%22%7D&pdp_npi=2%40dis%21BRL%213436.8%212646.31%21%21%21%21%21%402101e9d316643078208767883e4770%2112000028847580129%21sea&curPageLogUid=vqxmXFImGoCI;R$2.646,31;0 vendidos
27/09/2022;85mm ga91s2m dc12v 0.25a-pfta 4pin gráficos ventilador para safira rx560 rx550 2g d5 placa gráfica de refrigeração ;https://pt.aliexpress.com/item/4000910177409.html?algo_pvid=be47743a-131a-45fd-9a52-100ca15bf2ba&aem_p4p_detail=20220927124341424293001392780007033571&algo_exp_id=be47743a-131a-45fd-9a52-100ca15bf2ba-54&pdp_ext_f=%7B%22sku_id%22%3A%2212000027526371401%22%7D&pdp_npi=2%40dis%21BRL%2140.32%2135.9%21%21%21%21%21%402101e9d316643078208767883e4770%2112000027526371401%21sea&curPageLogUid=1DKje9Joh5d5&ad_pvid=20220927124341424293001392780007033571_13;R$35,9;0 vendidos
27/09/2022;Nova safira rx 6600 xt 6600xt 8gb 6000 placa gráfica gpu radeon rx6600 rx6600xt gddr6 placas de vídeo desktop computador amd jogo ;https://pt.aliexpress.com/item/1005004343956992.html?algo_pvid=be47743a-131a-45fd-9a52-100ca15bf2ba&algo_exp_id=be47743a-131a-45fd-9a52-100ca15bf2ba-55&pdp_ext_f=%7B%22sku_id%22%3A%2212000028851017495%22%7D&pdp_npi=2%40dis%21BRL%213311.26%212715.23%21%21%21%21%21%402101e9d316643078208767883e4770%2112000028851017495%21sea&curPageLogUid=PXbH8nd0SfKY;R$2.715,23;0 vendidos
27/09/2022;Gigabyte rx6650xt/rx6600 8g/rx6500xt 4g placa de vídeo um jogo de computador cartão original águia mágica amd ;https://pt.aliexpress.com/item/1005004753209183.html?algo_pvid=be47743a-131a-45fd-9a52-100ca15bf2ba&algo_exp_id=be47743a-131a-45fd-9a52-100ca15bf2ba-56&pdp_ext_f=%7B%22sku_id%22%3A%2212000030342816331%22%7D&pdp_npi=2%40dis%21BRL%211744.05%211744.05%21%21%21131.14%21%21%402101e9d316643078208767883e4770%2112000030342816331%21sea&curPageLogUid=lhBHcCX3UMAe;R$1.744,05;0 vendidos
27/09/2022;Mllse amd radeon rx6600 8gb placa gráfica gpu gddr6 128-bit 14 gbps 7nm nova placa de vídeo suporte amd intel desktop cpu ;https://pt.aliexpress.com/item/1005004774962971.html?algo_pvid=be47743a-131a-45fd-9a52-100ca15bf2ba&algo_exp_id=be47743a-131a-45fd-9a52-100ca15bf2ba-57&pdp_ext_f=%7B%22sku_id%22%3A%2212000030456203677%22%7D&pdp_npi=2%40dis%21BRL%211740.54%211113.93%21%21%21%21%21%402101e9d316643078208767883e4770%2112000030456203677%21sea&curPageLogUid=GUVbyxds9Saf;R$1.113,93;0 vendidos
27/09/2022;Gigabyte novo ga radeon™Rx 6600 eagle 8g radeon rx 6600 8gb gddr6 128 bit pode suportar amd intel desktop cpu placa-mãe ;https://pt.aliexpress.com/item/1005004546941260.html?algo_pvid=be47743a-131a-45fd-9a52-100ca15bf2ba&algo_exp_id=be47743a-131a-45fd-9a52-100ca15bf2ba-58&pdp_ext_f=%7B%22sku_id%22%3A%2212000029564203721%22%7D&pdp_npi=2%40dis%21BRL%213297.22%212275.08%21%21%21%21%21%402101e9d316643078208767883e4770%2112000029564203721%21sea&curPageLogUid=E9DpZbtMx9Wm;R$2.275,08;0 vendidos
27/09/2022;Ventilador refrigerador para placa de vídeo, edição especial, usb rx5700 argb de alta qualidade, safira, rx 5700 xt, 8gb ;https://pt.aliexpress.com/item/4001322417065.html?algo_pvid=be47743a-131a-45fd-9a52-100ca15bf2ba&aem_p4p_detail=20220927124341424293001392780007033571&algo_exp_id=be47743a-131a-45fd-9a52-100ca15bf2ba-59&pdp_ext_f=%7B%22sku_id%22%3A%2212000030249781858%22%7D&pdp_npi=2%40dis%21BRL%2169.65%2169.65%21%21%21%21%21%402101e9d316643078208767883e4770%2112000030249781858%21sea&curPageLogUid=vFxJch1lAX6Q&ad_pvid=20220927124341424293001392780007033571_14;R$69,65;0 vendidos
